Runtime=.NET 10.0.11; OS=Debian GNU/Linux 13 (trixie); architecture=X64; Stopwatch.Frequency=1000000000
n,kind,iterations,median_ns_per_op,allocated_B_per_op,checksum
1,unique,100000,96.1,112.0,700019
1,duplicate-at-end,6818,3295.4,376.0,47745
10,unique,46153,483.7,184.0,3230900
10,duplicate-at-end,6122,3391.4,448.0,42873
100,unique,525,31026.0,904.0,369400
100,duplicate-at-end,590,34789.9,1168.0,4149
1000,unique,6,3395640.7,8104.0,61000
1000,duplicate-at-end,6,3028870.0,8368.0,61
10000,unique,2,471492781.5,80104.0,330000
10000,duplicate-at-end,2,304590711.5,80368.0,33
