.NET 10.0.11; Debian GNU/Linux 13 (trixie); X64; processors=2
size,variant,iterations,allocated_bytes/op,gen2/op,MiB/s,checksum
128,plain,100,16948,0.000,11.07,36800
128,bom-trim,100,16948,0.000,17.39,36300
128,oversize,100,8732,0.000,18.80,100
65536,plain,100,197116,0.000,45.99,6577600
65536,bom-trim,100,197116,0.000,72.24,6577100
65536,oversize,100,131556,0.000,115.04,100
1048576,plain,20,3146565,0.700,105.78,20976320
1048576,bom-trim,20,3146550,0.650,106.72,20976220
1048576,oversize,20,2097872,0.400,114.91,20
16777216,plain,8,50332586,0.625,109.85,134219648
16777216,bom-trim,8,50332586,0.625,111.64,134219608
16777216,oversize,8,33555229,0.250,114.08,8
16777217,plain,8,33555229,0.250,114.00,8
16777217,bom-trim,8,33555229,0.250,111.86,8
16777217,oversize,8,33555229,0.250,113.95,8
